index,queue_age_ms,processing_ms
0,1000.5486,1.9121
1,1000.6584,0.3518
2,999.4140,0.0131
3,997.4337,0.0038
4,995.4453,0.0034
5,993.4541,0.0031
6,991.4613,0.0019
7,989.4687,0.0019
8,987.4633,0.0082
9,985.4889,0.0054
10,983.4996,0.0024
11,981.5072,0.0019
12,979.5144,0.0017
13,977.4590,0.0026
14,975.5272,0.0101
15,973.5473,0.0067
16,971.5593,0.0020
17,969.5658,0.0020
18,967.5726,0.0018
19,965.5795,0.0019
20,963.5841,0.0017
21,961.5842,0.0153
22,959.6168,0.0037
23,957.6269,0.0020
24,955.6267,0.0018
25,953.6413,0.0020
26,951.6481,0.0021
27,949.6584,0.0050
28,947.6611,0.0060
29,945.6764,0.0164
30,943.7083,0.0028
31,941.7147,0.0023
32,939.7187,0.0051
33,937.7336,0.0020
34,935.7407,0.0018
35,933.7472,0.0019
36,931.7543,0.0018
37,929.7589,0.0018
38,927.7667,0.0052
39,925.7773,0.0018
40,923.7845,0.0019
41,921.7872,0.0019
42,919.7979,0.0019
43,917.8045,0.0050
44,915.8090,0.0020
45,913.8205,0.0018
46,911.8283,0.0018
47,909.8351,0.0018
48,907.8417,0.0019
49,905.8481,0.0042
50,903.8576,0.0019
51,901.8568,0.0018
52,899.8660,0.0017
53,897.8638,0.0019
54,895.8848,0.0060
55,893.8955,0.0020
56,891.9030,0.0019
57,889.9093,0.0019
58,887.9111,0.0018
59,885.9203,0.0058
60,883.9339,0.0018
61,881.9405,0.0019
62,879.9474,0.0017
63,877.9538,0.0050
64,875.9641,0.0022
65,873.9714,0.0019
66,871.9779,0.0018
67,869.9812,0.0018
68,867.9937,0.0018
69,866.0010,0.0020
70,864.0065,0.0019
71,862.0147,0.0018
72,860.0208,0.0018
73,858.0306,0.0018
74,856.0351,0.0019
75,854.0394,0.0019
76,852.0505,0.0017
77,850.0571,0.0049
78,848.0668,0.0021
79,846.0734,0.0018
80,844.0803,0.0019
81,842.0873,0.0018
82,840.0938,0.0049
83,838.1036,0.0019
84,836.1101,0.0019
85,834.1168,0.0019
86,832.1238,0.0019
87,830.1321,0.0020
88,828.1391,0.0017
89,826.1456,0.0018
90,824.1342,0.0018
91,822.1586,0.0058
92,820.1698,0.0019
93,818.1764,0.0019
94,816.1832,0.0019
95,814.1899,0.0059
96,812.2008,0.0019
97,810.1979,0.0017
98,808.2135,0.0018
99,806.2205,0.0050
100,804.2294,0.0020
101,802.2369,0.0018
102,800.2441,0.0020
103,798.2503,0.0049
104,796.2552,0.0019
105,794.1997,0.0019
106,792.2608,0.0018
107,790.2805,0.0018
108,788.2875,0.0019
109,786.2862,0.0019
110,784.3028,0.0018
111,782.3102,0.0020
112,780.3087,0.0048
113,778.3265,0.0018
114,776.3333,0.0019
115,774.3400,0.0018
116,772.3461,0.0046
117,770.3563,0.0019
118,768.3620,0.0019
119,766.2989,0.0018
120,764.3749,0.0041
121,762.3855,0.0020
122,760.3922,0.0018
123,758.3987,0.0018
124,756.4084,0.0021
125,754.4160,0.0018
126,752.4231,0.0019
127,750.4293,0.0059
128,748.4403,0.0021
129,746.4480,0.0051
130,744.4583,0.0019
131,742.4647,0.0020
132,740.4715,0.0019
133,738.4781,0.0047
134,736.4846,0.0018
135,734.4904,0.0019
136,732.5016,0.0019
137,730.5078,0.0048
138,728.5175,0.0018
139,726.5235,0.0017
140,724.5311,0.0018
141,722.5376,0.0021
142,720.5469,0.0019
143,718.5537,0.0018
144,716.5634,0.0019
145,714.5698,0.0018
146,712.5123,0.0018
147,710.5841,0.0039
148,708.5927,0.0019
149,706.5892,0.0019
150,704.6060,0.0018
151,702.6162,0.0020
152,700.6234,0.0018
153,698.6301,0.0019
154,696.6277,0.0058
155,694.6472,0.0019
156,692.6512,0.0019
157,690.6610,0.0018
158,688.6703,0.0019
159,686.6775,0.0018
160,684.6840,0.0018
161,682.6902,0.0047
162,680.6998,0.0018
163,678.7067,0.0020
164,676.7055,0.0048
165,674.7179,0.0020
166,672.7284,0.0019
167,670.7329,0.0017
168,668.7419,0.0047
169,666.7510,0.0020
170,664.7595,0.0019
171,662.6075,0.0048
172,660.7741,0.0019
173,658.7828,0.0018
174,656.7891,0.0039
175,654.7957,0.0020
176,652.8044,0.0019
177,650.8116,0.0019
178,648.8214,0.0021
179,646.8273,0.0019
180,644.8340,0.0019
181,642.8421,0.0056
182,640.8530,0.0021
183,638.8601,0.0019
184,636.8673,0.0046
185,634.8769,0.0019
186,632.8836,0.0018
187,630.8885,0.0047
188,628.8997,0.0019
189,626.9061,0.0019
190,624.9130,0.0048
191,622.9220,0.0019
192,620.9291,0.0018
193,618.9337,0.0048
194,616.9457,0.0018
195,614.9519,0.0018
196,612.9588,0.0047
197,610.9685,0.0019
198,608.9754,0.0018
199,606.9802,0.0037
200,604.9907,0.0019
201,602.9971,0.0018
202,601.0084,0.0052
203,599.0185,0.0020
204,597.0259,0.0019
205,595.0323,0.0056
206,593.0431,0.0018
207,591.0495,0.0019
208,589.0546,0.0045
209,587.0644,0.0018
210,585.0612,0.0019
211,583.0792,0.0050
212,581.0882,0.0020
213,579.0959,0.0053
214,577.1062,0.0019
215,575.1129,0.0018
216,573.1180,0.0048
217,571.1291,0.0019
218,569.1359,0.0018
219,567.1423,0.0047
220,565.1521,0.0018
221,563.1588,0.0019
222,561.1613,0.0041
223,559.1744,0.0019
224,557.1791,0.0018
225,555.1935,0.0020
226,553.2011,0.0019
227,551.2083,0.0057
228,549.2190,0.0020
229,547.2259,0.0018
230,545.2322,0.0045
231,543.2422,0.0020
232,541.2475,0.0018
233,539.2548,0.0048
234,537.2652,0.0018
235,535.2716,0.0017
236,533.2783,0.0048
237,531.2860,0.0018
238,529.2941,0.0048
239,527.3034,0.0019
240,525.3118,0.0019
241,523.3182,0.0045
242,521.3274,0.0019
243,519.3345,0.0019
244,517.3409,0.0039
245,515.3503,0.0019
246,513.3566,0.0056
247,511.3677,0.0018
248,509.3737,0.0018
249,507.3807,0.0882
250,505.4859,0.0055
251,503.4991,0.0023
252,501.5066,0.0055
253,499.5173,0.0020
254,497.5597,0.0124
255,495.5711,0.0038
256,493.5953,0.0028
257,491.6034,0.0053
258,489.6143,0.0021
259,487.6226,0.0046
260,485.6320,0.0019
261,483.6387,0.0018
262,481.6450,0.0037
263,479.6494,0.0018
264,477.6601,0.0018
265,475.6710,0.0022
266,473.6781,0.0019
267,471.6848,0.0057
268,469.6953,0.0019
269,467.7018,0.0018
270,465.7111,0.0018
271,463.7168,0.0019
272,461.7242,0.0047
273,459.7337,0.0019
274,457.7378,0.0019
275,455.7490,0.0018
276,453.7560,0.0018
277,451.7625,0.0049
278,449.7713,0.0018
279,447.7785,0.0050
280,445.7884,0.0019
281,443.7949,0.0018
282,441.8019,0.0037
283,439.8104,0.0020
284,437.8172,0.0058
285,435.8281,0.0020
286,433.8345,0.0020
287,431.8411,0.0061
288,429.8518,0.0019
289,427.8582,0.0046
290,425.8681,0.0018
291,423.8749,0.0050
292,421.8847,0.0019
293,419.8913,0.0018
294,417.8978,0.0052
295,415.9077,0.0018
296,413.9144,0.0047
297,411.9241,0.0018
298,409.9306,0.0017
299,407.9445,0.0057
300,405.9582,0.0024
301,403.9656,0.0037
302,401.9743,0.0017
303,399.9808,0.0051
304,397.9910,0.0019
305,395.9947,0.0065
306,394.0081,0.0019
307,392.0153,0.0018
308,390.0214,0.0047
309,388.0348,0.0020
310,386.0422,0.0046
311,384.0379,0.0021
312,382.0591,0.0048
313,380.0700,0.0018
314,378.0769,0.0019
315,376.0863,0.0018
316,374.0931,0.0053
317,372.1089,0.0035
318,370.1177,0.0042
319,368.1274,0.0017
320,366.1330,0.0056
321,364.1445,0.0020
322,362.1509,0.0057
323,360.1620,0.0020
324,358.1684,0.0019
325,356.1733,0.0046
326,354.1841,0.0019
327,352.1912,0.0047
328,350.2006,0.0018
329,348.2073,0.0053
330,346.2172,0.0019
331,344.2240,0.0048
332,342.2330,0.0019
333,340.2402,0.0048
334,338.2491,0.0019
335,336.2562,0.0018
336,334.2643,0.0019
337,332.2707,0.0018
338,330.2774,0.0056
339,328.2878,0.0019
340,326.2914,0.0056
341,324.3045,0.0019
342,322.3115,0.0049
343,320.3208,0.0020
344,318.3279,0.0048
345,316.3370,0.0018
346,314.3440,0.0046
347,312.3528,0.0019
348,310.3586,0.0050
349,308.3692,0.0019
350,306.3764,0.0048
351,304.3856,0.0019
352,302.3924,0.0039
353,300.4004,0.0019
354,298.4074,0.0018
355,296.4138,0.0020
356,294.4124,0.0020
357,292.4346,0.0019
358,290.4412,0.0020
359,288.4161,0.0047
360,286.4574,0.0018
361,284.4631,0.0045
362,282.4716,0.0019
363,280.4797,0.0051
364,278.4894,0.0019
365,276.4958,0.0047
366,274.5053,0.0018
367,272.4960,0.0044
368,270.5209,0.0019
369,268.5275,0.0039
370,266.5338,0.0018
371,264.5421,0.0055
372,262.5516,0.0020
373,260.5592,0.0056
374,258.5700,0.0019
375,256.5766,0.0048
376,254.5860,0.0020
377,252.5926,0.0045
378,250.6019,0.0019
379,248.6086,0.0046
380,246.6176,0.0020
381,244.6244,0.0047
382,242.6339,0.0019
383,240.6405,0.0045
384,238.6481,0.0021
385,236.6560,0.0039
386,234.6652,0.0019
387,232.6749,0.0019
388,230.6818,0.0018
389,228.6919,0.0020
390,226.6991,0.0047
391,224.7080,0.0020
392,222.7151,0.0047
393,220.7245,0.0018
394,218.7309,0.0047
395,216.7403,0.0019
396,214.7475,0.0048
397,212.7569,0.0020
398,210.7636,0.0048
399,208.7722,0.0018
400,206.7794,0.0038
401,204.7874,0.0019
402,202.7948,0.0056
403,200.8054,0.0020
404,198.8123,0.0054
405,196.8224,0.0019
406,194.8278,0.0045
407,192.8377,0.0019
408,190.8478,0.0020
409,188.8538,0.0047
410,186.8641,0.0018
411,184.8706,0.0051
412,182.8731,0.0021
413,180.8876,0.0048
414,178.8968,0.0019
415,176.9035,0.0038
416,174.9117,0.0019
417,172.9187,0.0058
418,170.9292,0.0019
419,168.9361,0.0057
420,166.9444,0.0048
421,164.9553,0.0019
422,162.9613,0.0050
423,160.9716,0.0019
424,158.9793,0.0048
425,156.9889,0.0018
426,154.9953,0.0048
427,153.0050,0.0020
428,151.0115,0.0050
429,149.0199,0.0021
430,147.0288,0.0019
431,145.0357,0.0053
432,143.0468,0.0018
433,141.0529,0.0058
434,139.0638,0.0019
435,137.0702,0.0047
436,134.7660,0.0018
437,133.0861,0.0049
438,131.0953,0.0047
439,129.1054,0.0019
440,127.1122,0.0048
441,125.1211,0.0020
442,123.1282,0.0051
443,121.1380,0.0020
444,119.1447,0.0037
445,117.1531,0.0053
446,115.1636,0.0019
447,113.1695,0.0054
448,111.1804,0.0019
449,109.1858,0.0047
450,107.1961,0.0018
451,105.2031,0.0047
452,103.2120,0.0047
453,101.2221,0.0019
454,99.2289,0.0047
455,97.2382,0.0020
456,95.2453,0.0045
457,93.2543,0.0019
458,91.2610,0.0037
459,89.2693,0.0050
460,87.2790,0.0020
461,85.2858,0.0055
462,83.2963,0.0019
463,81.3033,0.0048
464,79.3125,0.0046
465,77.3221,0.0019
466,75.3262,0.0046
467,73.3375,0.0021
468,71.3329,0.0049
469,69.3553,0.0049
470,67.3648,0.0020
471,65.3719,0.0037
472,63.3800,0.0018
473,61.3873,0.0052
474,59.3959,0.0060
475,57.1820,0.0046
476,55.4171,0.0021
477,53.4239,0.0049
478,51.4346,0.0047
479,49.4440,0.0018
480,47.4502,0.0048
481,45.4601,0.0020
482,43.4696,0.0019
483,41.4749,0.0037
484,39.4856,0.0019
485,37.4923,0.0054
486,35.5020,0.0059
487,33.5141,0.0019
488,31.5207,0.0048
489,29.5305,0.0019
490,27.5372,0.0047
491,25.5519,0.0091
492,23.5700,0.0025
493,21.5782,0.0051
494,19.5883,0.0019
495,17.5950,0.0046
496,15.6048,0.0038
497,13.6133,0.0020
498,11.6203,0.0054
499,9.8210,0.0150
